time,source,frame,x,y,theta
3.6,amcl,map,-2.25093,-0.122186,-0.0265332
4.644,odom,map,-2.25093,-0.122186,-0.0265332
4.68,odom,map,-2.25093,-0.122186,-0.0265332
4.716,odom,map,-2.25093,-0.122186,-0.0265332
4.752,odom,map,-2.25093,-0.122186,-0.0265332
4.788,odom,map,-2.25093,-0.122186,-0.0265332
4.824,odom,map,-2.25093,-0.122186,-0.0265332
4.86,odom,map,-2.25093,-0.122186,-0.0265332
4.896,odom,map,-2.25093,-0.122186,-0.0265332
4.932,odom,map,-2.25093,-0.122186,-0.0265332
4.968,odom,map,-2.25093,-0.122186,-0.0265332
5.004,odom,map,-2.25093,-0.122186,-0.0265332
5.04,odom,map,-2.25093,-0.122186,-0.0265332
5.076,odom,map,-2.25093,-0.122186,-0.0265332
5.112,odom,map,-2.25093,-0.122186,-0.0265332
5.148,odom,map,-2.25093,-0.122186,-0.0265332
5.184,odom,map,-2.25093,-0.122186,-0.0265332
5.22,odom,map,-2.25093,-0.122186,-0.0265332
5.256,odom,map,-2.25093,-0.122186,-0.0265332
5.292,odom,map,-2.25093,-0.122186,-0.0265332
5.328,odom,map,-2.25093,-0.122186,-0.0265332
5.364,odom,map,-2.25093,-0.122186,-0.0265332
5.4,odom,map,-2.25093,-0.122186,-0.0265332
5.436,odom,map,-2.25093,-0.122186,-0.0265332
5.472,odom,map,-2.25093,-0.122186,-0.0265332
5.508,odom,map,-2.25093,-0.122186,-0.0265332
5.544,odom,map,-2.25093,-0.122186,-0.0265332
5.58,odom,map,-2.25093,-0.122186,-0.0265332
5.616,odom,map,-2.25093,-0.122186,-0.0265332
5.652,odom,map,-2.25093,-0.122186,-0.0265332
5.688,odom,map,-2.25093,-0.122186,-0.0265332
5.724,odom,map,-2.25093,-0.122186,-0.0265332
5.76,odom,map,-2.25093,-0.122186,-0.0265332
5.796,odom,map,-2.25093,-0.122186,-0.0265332
5.832,odom,map,-2.25093,-0.122186,-0.0265332
5.868,odom,map,-2.25093,-0.122186,-0.0265332
5.904,odom,map,-2.25093,-0.122186,-0.0265332
5.94,odom,map,-2.25093,-0.122186,-0.0265332
5.976,odom,map,-2.25093,-0.122186,-0.0265332
6.012,odom,map,-2.25093,-0.122186,-0.0265332
6.048,odom,map,-2.25093,-0.122186,-0.0265332
6.084,odom,map,-2.25093,-0.122186,-0.0265332
6.12,odom,map,-2.25093,-0.122186,-0.0265332
6.156,odom,map,-2.25093,-0.122186,-0.0265332
6.192,odom,map,-2.25093,-0.122186,-0.0265332
6.228,odom,map,-2.25093,-0.122186,-0.0265332
6.264,odom,map,-2.25093,-0.122186,-0.0265332
6.3,odom,map,-2.25093,-0.122186,-0.0265332
6.336,odom,map,-2.25093,-0.122186,-0.0265332
6.372,odom,map,-2.25093,-0.122186,-0.0265332
6.408,odom,map,-2.25093,-0.122186,-0.0265332
6.444,odom,map,-2.25093,-0.122186,-0.0265332
6.48,odom,map,-2.25093,-0.122186,-0.0265332
6.516,odom,map,-2.25093,-0.122186,-0.0265332
6.552,odom,map,-2.25093,-0.122186,-0.0265332
6.588,odom,map,-2.25093,-0.122186,-0.0265332
6.624,odom,map,-2.25093,-0.122186,-0.0265332
6.66,odom,map,-2.25093,-0.122186,-0.0265332
6.696,odom,map,-2.25093,-0.122186,-0.0265332
6.732,odom,map,-2.25093,-0.122186,-0.0265332
6.768,odom,map,-2.25093,-0.122186,-0.0265332
6.804,odom,map,-2.25093,-0.122186,-0.0265332
6.84,odom,map,-2.25093,-0.122186,-0.0265332
6.876,odom,map,-2.25093,-0.122186,-0.0265332
6.912,odom,map,-2.25093,-0.122186,-0.0265332
6.948,odom,map,-2.25093,-0.122186,-0.0265332
6.984,odom,map,-2.25093,-0.122186,-0.0265332
7.02,odom,map,-2.25093,-0.122186,-0.0265332
7.056,odom,map,-2.25093,-0.122186,-0.0265332
7.092,odom,map,-2.25093,-0.122186,-0.0265332
7.128,odom,map,-2.25093,-0.122186,-0.0265332
7.164,odom,map,-2.25093,-0.122186,-0.0265332
7.2,odom,map,-2.25093,-0.122186,-0.0265332
7.236,odom,map,-2.25093,-0.122186,-0.0265332
7.272,odom,map,-2.25093,-0.122186,-0.0265332
7.308,odom,map,-2.25093,-0.122186,-0.0265332
7.344,odom,map,-2.25093,-0.122186,-0.0265332
7.38,odom,map,-2.25093,-0.122186,-0.0265332
7.416,odom,map,-2.25093,-0.122186,-0.0265332
7.452,odom,map,-2.25093,-0.122186,-0.0265332
7.488,odom,map,-2.25093,-0.122186,-0.0265332
7.524,odom,map,-2.25093,-0.122186,-0.0265332
7.56,odom,map,-2.25093,-0.122186,-0.0265332
7.596,odom,map,-2.25093,-0.122186,-0.0265332
7.632,odom,map,-2.25093,-0.122186,-0.0265332
7.668,odom,map,-2.25093,-0.122186,-0.0265332
7.704,odom,map,-2.25093,-0.122186,-0.0265332
7.74,odom,map,-2.25093,-0.122186,-0.0265332
7.776,odom,map,-2.25093,-0.122186,-0.0265332
7.812,odom,map,-2.25093,-0.122186,-0.0265332
7.848,odom,map,-2.25093,-0.122186,-0.0265332
7.884,odom,map,-2.25093,-0.122186,-0.0265332
7.92,odom,map,-2.25093,-0.122186,-0.0265332
7.956,odom,map,-2.25093,-0.122186,-0.0265332
7.992,odom,map,-2.25093,-0.122186,-0.0265332
8.028,odom,map,-2.25093,-0.122186,-0.0265332
8.064,odom,map,-2.25093,-0.122186,-0.0265332
8.1,odom,map,-2.25093,-0.122186,-0.0265332
8.136,odom,map,-2.25093,-0.122186,-0.0265332
8.172,odom,map,-2.25093,-0.122186,-0.0265332
8.208,odom,map,-2.25093,-0.122186,-0.0265332
8.244,odom,map,-2.25093,-0.122186,-0.0265332
8.28,odom,map,-2.25093,-0.122186,-0.0265332
8.316,odom,map,-2.25093,-0.122186,-0.0265332
8.352,odom,map,-2.25093,-0.122186,-0.0265332
8.388,odom,map,-2.25093,-0.122186,-0.0265332
8.424,odom,map,-2.25093,-0.122186,-0.0265332
8.46,odom,map,-2.25093,-0.122186,-0.0265332
8.496,odom,map,-2.25093,-0.122186,-0.0265332
8.532,odom,map,-2.25093,-0.122186,-0.0265332
8.568,odom,map,-2.25093,-0.122186,-0.0265332
8.604,odom,map,-2.25093,-0.122186,-0.0265332
8.64,odom,map,-2.25093,-0.122186,-0.0265332
8.676,odom,map,-2.25093,-0.122186,-0.0265332
8.712,odom,map,-2.25093,-0.122186,-0.0265332
8.748,odom,map,-2.25093,-0.122186,-0.0265332
8.784,odom,map,-2.25093,-0.122186,-0.0265332
8.82,odom,map,-2.25093,-0.122186,-0.0265332
8.856,odom,map,-2.25093,-0.122186,-0.0265332
8.892,odom,map,-2.25093,-0.122186,-0.0265332
8.928,odom,map,-2.25093,-0.122186,-0.0265332
8.964,odom,map,-2.25093,-0.122186,-0.0265332
9,odom,map,-2.25093,-0.122186,-0.0265332
9.036,odom,map,-2.25093,-0.122186,-0.0265332
9.072,odom,map,-2.25093,-0.122186,-0.0265332
9.108,odom,map,-2.25093,-0.122186,-0.0265332
9.144,odom,map,-2.25093,-0.122186,-0.0265332
9.18,odom,map,-2.25093,-0.122186,-0.0265332
9.216,odom,map,-2.25093,-0.122186,-0.0265332
9.252,odom,map,-2.25093,-0.122186,-0.0265332
9.288,odom,map,-2.25093,-0.122186,-0.0265332
9.324,odom,map,-2.25093,-0.122186,-0.0265332
9.36,odom,map,-2.25093,-0.122186,-0.0265332
9.396,odom,map,-2.25093,-0.122186,-0.0265332
9.432,odom,map,-2.25093,-0.122186,-0.0265332
9.468,odom,map,-2.25093,-0.122186,-0.0265332
9.504,odom,map,-2.25093,-0.122186,-0.0265332
9.54,odom,map,-2.25093,-0.122186,-0.0265332
9.576,odom,map,-2.25093,-0.122186,-0.0265332
9.612,odom,map,-2.25093,-0.122186,-0.0265332
9.648,odom,map,-2.25093,-0.122186,-0.0265332
9.684,odom,map,-2.25093,-0.122186,-0.0265332
9.72,odom,map,-2.25093,-0.122186,-0.0265332
9.756,odom,map,-2.25093,-0.122186,-0.0265332
9.792,odom,map,-2.25093,-0.122186,-0.0265332
9.828,odom,map,-2.25093,-0.122186,-0.0265332
9.864,odom,map,-2.25093,-0.122186,-0.0265332
9.9,odom,map,-2.25093,-0.122186,-0.0265332
9.936,odom,map,-2.25093,-0.122186,-0.0265332
9.972,odom,map,-2.25093,-0.122186,-0.0265332
10.008,odom,map,-2.25093,-0.122186,-0.0265332
10.044,odom,map,-2.25093,-0.122186,-0.0265332
10.08,odom,map,-2.25093,-0.122186,-0.0265332
10.116,odom,map,-2.25093,-0.122186,-0.0265332
10.152,odom,map,-2.25093,-0.122186,-0.0265332
10.188,odom,map,-2.25093,-0.122186,-0.0265332
10.224,odom,map,-2.25093,-0.122186,-0.0265332
10.26,odom,map,-2.25093,-0.122186,-0.0265332
10.296,odom,map,-2.25093,-0.122186,-0.0265332
10.332,odom,map,-2.25093,-0.122186,-0.0265332
10.368,odom,map,-2.25093,-0.122186,-0.0265332
10.404,odom,map,-2.25093,-0.122186,-0.0265332
10.44,odom,map,-2.25093,-0.122186,-0.0265332
10.476,odom,map,-2.25093,-0.122186,-0.0265332
10.512,odom,map,-2.25093,-0.122186,-0.0265332
10.548,odom,map,-2.25093,-0.122186,-0.0265332
10.584,odom,map,-2.25093,-0.122186,-0.0265332
10.62,odom,map,-2.25093,-0.122186,-0.0265332
10.656,odom,map,-2.25093,-0.122186,-0.0265332
10.692,odom,map,-2.25093,-0.122186,-0.0265332
10.728,odom,map,-2.25093,-0.122186,-0.0265332
10.764,odom,map,-2.25093,-0.122186,-0.0265332
10.8,odom,map,-2.25093,-0.122186,-0.0265332
10.836,odom,map,-2.25093,-0.122186,-0.0265332
10.872,odom,map,-2.25093,-0.122186,-0.0265332
10.908,odom,map,-2.25093,-0.122186,-0.0265332
10.944,odom,map,-2.25093,-0.122186,-0.0265332
10.98,odom,map,-2.25093,-0.122186,-0.0265332
11.016,odom,map,-2.25093,-0.122186,-0.0265332
11.052,odom,map,-2.25093,-0.122186,-0.0265332
11.088,odom,map,-2.25093,-0.122186,-0.0265332
11.124,odom,map,-2.25093,-0.122186,-0.0265332
11.16,odom,map,-2.25093,-0.122186,-0.0265332
11.196,odom,map,-2.25093,-0.122186,-0.0265332
11.232,odom,map,-2.25093,-0.122186,-0.0265332
11.268,odom,map,-2.25093,-0.122186,-0.0265332
11.304,odom,map,-2.25093,-0.122186,-0.0265332
11.34,odom,map,-2.25093,-0.122186,-0.0265332
11.376,odom,map,-2.25093,-0.122186,-0.0265332
11.412,kf,map,-2.25088,-0.122187,-0.0259426
11.412,odom,map,-2.25089,-0.122187,-0.0260537
11.412,ekf,map,-2.25089,-0.122187,-0.0259426
11.412,pf,map,-2.24923,-0.109494,-0.0256333
11.448,odom,map,-2.25059,-0.122194,-0.0242778
11.448,kf,map,-2.25053,-0.122196,-0.0240649
11.448,pf,map,-2.25335,-0.121321,-0.0241624
11.448,ekf,map,-2.25057,-0.122195,-0.0240649
11.484,odom,map,-2.25003,-0.122207,-0.0214713
11.484,kf,map,-2.24998,-0.122209,-0.0211921
11.484,ekf,map,-2.25001,-0.122208,-0.0211921
11.484,pf,map,-2.24777,-0.125516,-0.0383296
11.52,ekf,map,-2.24936,-0.12222,-0.0174393
11.52,odom,map,-2.24937,-0.12222,-0.0177336
11.52,kf,map,-2.24934,-0.122221,-0.0174393
11.52,pf,map,-2.24241,-0.122388,-0.0355541
11.556,ekf,map,-2.24872,-0.12223,-0.0128855
11.556,kf,map,-2.24871,-0.122231,-0.0128855
11.556,odom,map,-2.24871,-0.12223,-0.0131908
11.556,pf,map,-2.25244,-0.133309,-0.0246667
11.592,odom,map,-2.2481,-0.122237,-0.00776715
11.592,ekf,map,-2.2481,-0.122237,-0.0074873
11.592,kf,map,-2.2481,-0.122238,-0.0074873
11.592,pf,map,-2.2559,-0.127086,-0.0247929
11.628,odom,map,-2.24738,-0.12224,-0.00129116
11.628,ekf,map,-2.24738,-0.12224,-0.00101509
11.628,kf,map,-2.24737,-0.122241,-0.00101509
11.628,pf,map,-2.25361,-0.129527,-0.0102889
11.664,ekf,map,-2.24656,-0.122239,0.00624574
11.664,kf,map,-2.24654,-0.12224,0.00624574
11.664,odom,map,-2.24657,-0.122238,0.0059435
11.664,pf,map,-2.24375,-0.117098,0.0103845
11.7,odom,map,-2.24547,-0.122227,0.0142483
11.7,pf,map,-2.24351,-0.119338,0.0156708
11.7,ekf,map,-2.24545,-0.122228,0.0144445
11.7,kf,map,-2.24543,-0.122229,0.0144445
11.736,ekf,map,-2.24414,-0.122203,0.0231996
11.736,kf,map,-2.24409,-0.122205,0.0231996
11.736,odom,map,-2.24416,-0.122202,0.0230314
11.736,pf,map,-2.22165,-0.106746,0.016602
11.772,odom,map,-2.24262,-0.12216,0.0322585
11.772,ekf,map,-2.24261,-0.122161,0.0324136
11.772,kf,map,-2.24256,-0.122162,0.0324136
11.772,pf,map,-2.23636,-0.122301,0.0313364
11.808,odom,map,-2.24089,-0.122095,0.0425804
11.808,ekf,map,-2.24088,-0.122096,0.0427608
11.808,kf,map,-2.24086,-0.122099,0.0427607
11.808,pf,map,-2.22345,-0.116016,0.0366356
11.844,odom,map,-2.23945,-0.122026,0.0535671
11.844,ekf,map,-2.23948,-0.122029,0.0536955
11.844,kf,map,-2.23951,-0.122034,0.0536955
11.844,pf,map,-2.22237,-0.118499,0.0506835
11.88,odom,map,-2.23837,-0.121963,0.0649556
11.88,ekf,map,-2.23841,-0.121966,0.0651308
11.88,kf,map,-2.23849,-0.121973,0.0651308
11.88,pf,map,-2.23142,-0.106596,0.0727846
11.916,odom,map,-2.23761,-0.121909,0.0770055
11.916,kf,map,-2.23768,-0.121916,0.0772924
11.916,ekf,map,-2.23762,-0.121911,0.0772924
11.916,pf,map,-2.25803,-0.119272,0.0744812
11.952,kf,map,-2.237,-0.121861,0.0902025
11.952,odom,map,-2.23697,-0.121856,0.0900218
11.952,ekf,map,-2.23697,-0.121857,0.0902025
11.952,pf,map,-2.25049,-0.113067,0.0770109
11.988,ekf,map,-2.23643,-0.121804,0.103454
11.988,kf,map,-2.23645,-0.121807,0.103454
11.988,odom,map,-2.23642,-0.121803,0.10335
11.988,pf,map,-2.247,-0.113228,0.0993095
12.024,ekf,map,-2.23585,-0.12174,0.116928
12.024,kf,map,-2.23585,-0.121742,0.116928
12.024,odom,map,-2.23586,-0.121741,0.116855
12.024,pf,map,-2.24081,-0.127614,0.115388
12.06,ekf,map,-2.2352,-0.121659,0.130997
12.06,odom,map,-2.23521,-0.121659,0.130767
12.06,kf,map,-2.23519,-0.12166,0.130997
12.06,pf,map,-2.24303,-0.12759,0.134436
12.096,odom,map,-2.23447,-0.121556,0.145403
12.096,kf,map,-2.23445,-0.121557,0.145532
12.096,ekf,map,-2.23446,-0.121557,0.145532
12.096,pf,map,-2.22953,-0.131428,0.141725
12.132,ekf,map,-2.23376,-0.121449,0.16066
12.132,kf,map,-2.23376,-0.121451,0.16066
12.132,odom,map,-2.23376,-0.121448,0.160539
12.132,pf,map,-2.23272,-0.131244,0.152664
12.168,odom,map,-2.23306,-0.121328,0.176074
12.168,ekf,map,-2.23306,-0.121329,0.17615
12.168,kf,map,-2.23305,-0.121331,0.17615
12.168,pf,map,-2.23957,-0.125214,0.175445
12.204,odom,map,-2.23234,-0.121194,0.191974
12.204,kf,map,-2.23233,-0.121196,0.192165
12.204,pf,map,-2.23715,-0.122934,0.19813
12.204,ekf,map,-2.23233,-0.121194,0.192165
12.201,amcl,map,-2.17145,-0.153315,0.1756
12.24,odom,map,-2.23157,-0.121039,0.208448
12.24,kf,map,-2.23157,-0.121042,0.208526
12.24,pf,map,-2.23081,-0.109743,0.212995
12.24,ekf,map,-2.23157,-0.12104,0.208526
12.276,kf,map,-2.23083,-0.120879,0.225261
12.276,odom,map,-2.23082,-0.120874,0.22504
12.276,ekf,map,-2.23083,-0.120876,0.225261
12.276,pf,map,-2.23618,-0.115054,0.224172
12.312,ekf,map,-2.23004,-0.120688,0.242482
12.312,odom,map,-2.23004,-0.120687,0.242375
12.312,kf,map,-2.23004,-0.120691,0.242482
12.312,pf,map,-2.23578,-0.135423,0.219494
12.348,odom,map,-2.22923,-0.120479,0.259863
12.348,ekf,map,-2.22922,-0.12048,0.25994
12.348,kf,map,-2.22922,-0.120481,0.25994
12.348,pf,map,-2.22635,-0.135865,0.244898
12.384,kf,map,-2.22841,-0.120259,0.27759
12.384,odom,map,-2.2284,-0.120252,0.277446
12.384,ekf,map,-2.22841,-0.120255,0.27759
12.384,pf,map,-2.21825,-0.123371,0.264078
12.42,odom,map,-2.22762,-0.12002,0.295321
12.42,ekf,map,-2.22762,-0.120021,0.295379
12.42,kf,map,-2.22762,-0.120025,0.295379
12.42,pf,map,-2.2284,-0.1225,0.294277
12.456,odom,map,-2.22674,-0.119746,0.313483
12.456,ekf,map,-2.22673,-0.119744,0.313606
12.456,kf,map,-2.22672,-0.119742,0.313606
12.456,pf,map,-2.21736,-0.110792,0.316726
12.492,kf,map,-2.22569,-0.1194,0.332142
12.492,odom,map,-2.22571,-0.119401,0.332074
12.492,pf,map,-2.22505,-0.120853,0.336922
12.492,ekf,map,-2.22571,-0.119401,0.332142
12.528,odom,map,-2.22458,-0.118999,0.350887
12.528,ekf,map,-2.22457,-0.118998,0.350963
12.528,kf,map,-2.22455,-0.118995,0.350963
12.528,pf,map,-2.21698,-0.120478,0.342886
12.564,ekf,map,-2.22337,-0.118544,0.369816
12.564,kf,map,-2.22335,-0.118543,0.369816
12.564,odom,map,-2.22338,-0.118544,0.369799
12.564,pf,map,-2.21522,-0.127438,0.365358
12.6,odom,map,-2.22209,-0.118032,0.388665
12.6,ekf,map,-2.22209,-0.118032,0.388668
12.6,kf,map,-2.22207,-0.118031,0.388668
12.6,pf,map,-2.2355,-0.123585,0.38862
12.636,odom,map,-2.22076,-0.117471,0.40767
12.636,ekf,map,-2.22075,-0.117471,0.407765
12.636,kf,map,-2.22073,-0.11747,0.407765
12.636,pf,map,-2.23623,-0.109498,0.397937
12.672,ekf,map,-2.21928,-0.116816,0.427073
12.672,kf,map,-2.21924,-0.116809,0.427073
12.672,odom,map,-2.21929,-0.11682,0.427012
12.672,pf,map,-2.23515,-0.115377,0.420594
12.708,odom,map,-2.21776,-0.116104,0.446322
12.708,ekf,map,-2.21775,-0.116106,0.446338
12.708,kf,map,-2.21774,-0.116106,0.446338
12.708,pf,map,-2.22216,-0.105252,0.43178
12.744,odom,map,-2.21614,-0.115309,0.465742
12.744,kf,map,-2.21609,-0.1153,0.465784
12.744,ekf,map,-2.21612,-0.115305,0.465784
12.744,pf,map,-2.20849,-0.114684,0.466609
12.78,kf,map,-2.21442,-0.114437,0.485292
12.78,odom,map,-2.21444,-0.114435,0.485273
12.78,ekf,map,-2.21444,-0.114436,0.485292
12.78,pf,map,-2.2015,-0.109903,0.480908
12.816,odom,map,-2.21265,-0.113466,0.504777
12.816,ekf,map,-2.21263,-0.113464,0.504777
12.816,kf,map,-2.21261,-0.11346,0.504777
12.816,pf,map,-2.21852,-0.108197,0.498466
12.801,amcl,map,-2.09235,-0.193605,0.473933
12.852,odom,map,-2.21076,-0.1124,0.52453
12.852,ekf,map,-2.21075,-0.112401,0.524592
12.852,kf,map,-2.21073,-0.1124,0.524592
12.852,pf,map,-2.20961,-0.106142,0.518071
12.888,ekf,map,-2.20882,-0.111257,0.544415
12.888,kf,map,-2.2088,-0.111256,0.544415
12.888,odom,map,-2.20883,-0.111258,0.544406
12.888,pf,map,-2.20934,-0.122272,0.545299
12.924,odom,map,-2.20692,-0.110075,0.564366
12.924,kf,map,-2.20691,-0.110085,0.564393
12.924,ekf,map,-2.20692,-0.110079,0.564393
12.924,pf,map,-2.20318,-0.109979,0.57138
12.96,ekf,map,-2.20505,-0.108868,0.584397
12.96,kf,map,-2.20504,-0.108876,0.584397
12.96,odom,map,-2.20505,-0.108865,0.584387
12.96,pf,map,-2.21016,-0.102353,0.580441
12.996,odom,map,-2.20317,-0.10759,0.604404
12.996,ekf,map,-2.20316,-0.107591,0.604407
12.996,kf,map,-2.20315,-0.107596,0.604407
12.996,pf,map,-2.20026,-0.11148,0.615982
13.032,odom,map,-2.19154,-0.111442,0.622001
13.032,kf,map,-2.19152,-0.11145,0.621997
13.032,pf,map,-2.18696,-0.0963284,0.626805
13.032,ekf,map,-2.19153,-0.111444,0.621997
13.068,odom,map,-2.17867,-0.115886,0.639406
13.068,kf,map,-2.17866,-0.115895,0.639413
13.068,ekf,map,-2.17866,-0.115889,0.639413
13.068,pf,map,-2.17839,-0.113116,0.640406
13.104,odom,map,-2.16581,-0.120291,0.656866
13.104,ekf,map,-2.1658,-0.120293,0.656878
13.104,kf,map,-2.16579,-0.1203,0.656878
13.104,pf,map,-2.15416,-0.118639,0.657546
13.14,odom,map,-2.15297,-0.12467,0.674182
13.14,ekf,map,-2.15297,-0.124674,0.674136
13.14,kf,map,-2.15296,-0.124683,0.674136
13.14,pf,map,-2.1423,-0.119877,0.668331
13.176,ekf,map,-2.14012,-0.128999,0.691513
13.176,kf,map,-2.14011,-0.129003,0.691513
13.176,odom,map,-2.14013,-0.128999,0.691495
13.176,pf,map,-2.12773,-0.134952,0.690859
13.212,odom,map,-2.13063,-0.131483,0.709819
13.212,kf,map,-2.13061,-0.13149,0.709878
13.212,ekf,map,-2.13063,-0.131485,0.709878
13.2,amcl,map,-2.03467,-0.245567,0.686643
13.212,pf,map,-2.12543,-0.12901,0.708928
13.248,odom,map,-2.12883,-0.129908,0.730108
13.248,pf,map,-2.12095,-0.134925,0.726039
13.248,ekf,map,-2.12884,-0.129915,0.730122
13.248,kf,map,-2.12883,-0.129927,0.730122
13.284,ekf,map,-2.12713,-0.12836,0.750201
13.284,kf,map,-2.12713,-0.128375,0.750201
13.284,odom,map,-2.12713,-0.128353,0.750235
13.284,pf,map,-2.1156,-0.124517,0.749239
13.32,ekf,map,-2.12548,-0.126784,0.770328
13.32,kf,map,-2.12546,-0.126787,0.770328
13.32,odom,map,-2.12548,-0.126786,0.770259
13.32,pf,map,-2.11505,-0.126675,0.771433
13.356,odom,map,-2.12383,-0.125148,0.790497
13.356,ekf,map,-2.12382,-0.12515,0.790524
13.356,pf,map,-2.11155,-0.13037,0.793264
13.356,kf,map,-2.12381,-0.125154,0.790524
13.392,odom,map,-2.12207,-0.123332,0.810621
13.392,pf,map,-2.12005,-0.127485,0.807567
13.392,ekf,map,-2.12205,-0.123325,0.810607
13.392,kf,map,-2.12203,-0.123314,0.810607
13.428,ekf,map,-2.12027,-0.12141,0.830677
13.428,odom,map,-2.12028,-0.121409,0.830682
13.428,kf,map,-2.12025,-0.121409,0.830677
13.428,pf,map,-2.11553,-0.125657,0.829576
13.464,ekf,map,-2.11844,-0.119366,0.850443
13.464,kf,map,-2.11841,-0.119347,0.850443
13.464,odom,map,-2.11846,-0.119376,0.850513
13.464,pf,map,-2.10503,-0.115385,0.849171
13.5,ekf,map,-2.11653,-0.11714,0.870056
13.5,kf,map,-2.11649,-0.117124,0.870056
13.5,odom,map,-2.11654,-0.117147,0.870101
13.5,pf,map,-2.11575,-0.0952344,0.878026
13.536,odom,map,-2.11452,-0.114705,0.889348
13.536,ekf,map,-2.11451,-0.114696,0.889259
13.536,kf,map,-2.11447,-0.114674,0.889259
13.536,pf,map,-2.10814,-0.102292,0.897696
13.572,odom,map,-2.11248,-0.112144,0.908408
13.572,ekf,map,-2.11248,-0.112146,0.908374
13.572,kf,map,-2.11245,-0.11214,0.908374
13.572,pf,map,-2.12092,-0.112546,0.919967
13.608,kf,map,-2.10802,-0.111368,0.926826
13.608,odom,map,-2.10805,-0.111376,0.926899
13.608,ekf,map,-2.10804,-0.111374,0.926826
13.608,pf,map,-2.10505,-0.106027,0.933518
13.644,odom,map,-2.09523,-0.117171,0.944147
13.644,kf,map,-2.09519,-0.117146,0.94399
13.644,ekf,map,-2.09522,-0.117162,0.94399
13.644,pf,map,-2.0919,-0.112825,0.948726
13.602,amcl,map,-1.98342,-0.26551,0.897891
13.68,ekf,map,-2.08242,-0.122896,0.960961
13.68,odom,map,-2.08242,-0.122891,0.961028
13.68,kf,map,-2.0824,-0.122897,0.960961
13.68,pf,map,-2.09001,-0.118603,0.962463
13.716,odom,map,-2.06967,-0.128592,0.977581
13.716,ekf,map,-2.06967,-0.128594,0.977506
13.716,kf,map,-2.06965,-0.1286,0.977506
13.716,pf,map,-2.07423,-0.126728,0.965096
13.752,odom,map,-2.05692,-0.134202,0.99393
13.752,kf,map,-2.05689,-0.134192,0.993844
13.752,ekf,map,-2.05691,-0.134197,0.993844
13.752,pf,map,-2.06174,-0.130188,0.982348
13.788,odom,map,-2.04418,-0.139731,1.01013
13.788,kf,map,-2.04416,-0.139733,1.0101
13.788,pf,map,-2.04122,-0.141738,0.999075
13.788,ekf,map,-2.04417,-0.139732,1.0101
13.824,ekf,map,-2.03838,-0.13975,1.02716
13.824,odom,map,-2.03838,-0.139749,1.02718
13.824,pf,map,-2.03335,-0.13308,1.01492
13.824,kf,map,-2.03836,-0.139752,1.02716
13.86,ekf,map,-2.0365,-0.136582,1.04465
13.86,kf,map,-2.03648,-0.136575,1.04465
13.86,odom,map,-2.03651,-0.136586,1.04467
13.86,pf,map,-2.02909,-0.13616,1.03897
13.896,odom,map,-2.03463,-0.133284,1.06207
13.896,ekf,map,-2.03462,-0.133282,1.06205
13.896,kf,map,-2.0346,-0.133275,1.06205
13.896,pf,map,-2.03308,-0.13422,1.05717
13.932,odom,map,-2.03277,-0.129879,1.07925
13.932,ekf,map,-2.03276,-0.129878,1.0792
13.932,kf,map,-2.03274,-0.129874,1.0792
13.932,pf,map,-2.04643,-0.120175,1.07444
13.968,pf,map,-2.03115,-0.119747,1.09098
13.968,ekf,map,-2.03092,-0.126375,1.09623
13.968,kf,map,-2.03091,-0.126374,1.09623
13.968,odom,map,-2.03093,-0.126375,1.09626
14.004,odom,map,-2.02875,-0.123446,1.11283
14.004,kf,map,-2.02872,-0.123447,1.11279
14.004,ekf,map,-2.02874,-0.123446,1.11279
14.004,pf,map,-2.03724,-0.117384,1.10608
14.04,odom,map,-2.02022,-0.131802,1.12769
14.04,kf,map,-2.02018,-0.131771,1.12762
14.04,ekf,map,-2.0202,-0.13179,1.12762
14.04,pf,map,-2.01805,-0.12502,1.11343
14.076,kf,map,-2.01157,-0.139825,1.14223
14.076,odom,map,-2.0116,-0.139852,1.14227
14.076,ekf,map,-2.01159,-0.139844,1.14223
14.076,pf,map,-1.9976,-0.124673,1.13492
14.112,odom,map,-2.00302,-0.147822,1.15682
14.112,ekf,map,-2.00301,-0.147824,1.15681
14.112,kf,map,-2.00299,-0.147818,1.15681
14.112,pf,map,-2.01857,-0.149256,1.16147
14.148,ekf,map,-1.99443,-0.155647,1.17099
14.148,kf,map,-1.9944,-0.155638,1.17099
14.148,odom,map,-1.99444,-0.155651,1.17105
14.148,pf,map,-1.99507,-0.154774,1.16819
14.184,odom,map,-1.98587,-0.163369,1.18495
14.184,kf,map,-1.98584,-0.163362,1.18489
14.184,ekf,map,-1.98586,-0.163368,1.18489
14.184,pf,map,-1.98602,-0.162288,1.18678
14.22,ekf,map,-1.98104,-0.164176,1.1995
14.22,odom,map,-1.98105,-0.164187,1.19955
14.22,kf,map,-1.98101,-0.164156,1.1995
14.22,pf,map,-1.9761,-0.167088,1.18511
14.202,amcl,map,-1.93485,-0.26247,1.18145
14.256,odom,map,-1.97923,-0.159399,1.2146
14.256,ekf,map,-1.97922,-0.159385,1.21452
14.256,kf,map,-1.97919,-0.159354,1.21452
14.256,pf,map,-1.98581,-0.151436,1.21384
14.292,odom,map,-1.97747,-0.154569,1.22931
14.292,ekf,map,-1.97748,-0.154616,1.22895
14.292,kf,map,-1.97749,-0.15468,1.22895
14.292,pf,map,-1.98808,-0.145426,1.22918
14.328,odom,map,-1.9759,-0.15004,1.24317
14.328,ekf,map,-1.9759,-0.150049,1.24303
14.328,kf,map,-1.97589,-0.150087,1.24303
14.328,pf,map,-1.97922,-0.14863,1.25456
14.364,odom,map,-1.97439,-0.145509,1.25673
14.364,ekf,map,-1.97439,-0.145513,1.25661
14.364,kf,map,-1.97438,-0.145534,1.25661
14.364,pf,map,-1.97634,-0.141018,1.26135
14.4,odom,map,-1.97299,-0.141098,1.2699
14.4,pf,map,-1.98277,-0.145242,1.26779
14.4,ekf,map,-1.97299,-0.141111,1.2698
14.4,kf,map,-1.97299,-0.141141,1.2698
14.436,odom,map,-1.96624,-0.144119,1.28114
14.436,ekf,map,-1.96624,-0.14413,1.28105
14.436,kf,map,-1.96623,-0.144159,1.28105
14.436,pf,map,-1.98728,-0.129456,1.28389
14.472,odom,map,-1.95942,-0.147477,1.29205
14.472,kf,map,-1.95942,-0.147554,1.29193
14.472,pf,map,-1.96945,-0.151935,1.29472
14.472,ekf,map,-1.95942,-0.147502,1.29193
14.508,odom,map,-1.95268,-0.150993,1.30269
14.508,ekf,map,-1.95267,-0.151001,1.30262
14.508,kf,map,-1.95267,-0.151033,1.30262
14.508,pf,map,-1.94439,-0.150461,1.30475
14.544,odom,map,-1.94598,-0.154521,1.31328
14.544,ekf,map,-1.94598,-0.154523,1.31325
14.544,kf,map,-1.94597,-0.154539,1.31325
14.544,pf,map,-1.93304,-0.158475,1.32937
14.58,ekf,map,-1.93935,-0.158201,1.32358
14.58,kf,map,-1.93935,-0.158224,1.32358
14.58,odom,map,-1.93936,-0.158191,1.32363
14.58,pf,map,-1.93676,-0.164943,1.33311
14.616,odom,map,-1.93498,-0.158991,1.33456
14.616,ekf,map,-1.93497,-0.158995,1.33454
14.616,kf,map,-1.93497,-0.15901,1.33454
14.616,pf,map,-1.94916,-0.158924,1.33657
14.652,odom,map,-1.93406,-0.155101,1.34633
14.652,ekf,map,-1.93406,-0.155101,1.34631
14.652,kf,map,-1.93405,-0.155107,1.34631
14.652,pf,map,-1.93587,-0.162131,1.33865
14.688,odom,map,-1.93317,-0.151077,1.35786
14.688,ekf,map,-1.93316,-0.151071,1.35782
14.688,kf,map,-1.93315,-0.151064,1.35782
14.688,pf,map,-1.9367,-0.148908,1.3583
14.724,odom,map,-1.93231,-0.147003,1.3693
14.724,kf,map,-1.9323,-0.147002,1.36928
14.724,ekf,map,-1.93231,-0.147004,1.36928
14.724,pf,map,-1.92427,-0.159185,1.37126
14.76,pf,map,-1.94155,-0.149557,1.38514
14.76,ekf,map,-1.93149,-0.142879,1.38052
14.76,kf,map,-1.93148,-0.142875,1.38052
14.76,odom,map,-1.9315,-0.142881,1.38056
14.796,kf,map,-1.9307,-0.138719,1.39162
14.796,odom,map,-1.93072,-0.138725,1.39169
14.796,pf,map,-1.94708,-0.143027,1.39213
14.796,ekf,map,-1.93071,-0.138724,1.39162
14.832,ekf,map,-1.92998,-0.134557,1.40247
14.832,odom,map,-1.92999,-0.134556,1.40252
14.802,amcl,map,-1.91872,-0.222714,1.3939
14.832,kf,map,-1.92997,-0.134557,1.40247
14.832,pf,map,-1.92801,-0.137981,1.40292
14.868,ekf,map,-1.92931,-0.130427,1.41316
14.868,odom,map,-1.92931,-0.130422,1.4132
14.868,kf,map,-1.9293,-0.130435,1.41316
14.868,pf,map,-1.93242,-0.141489,1.42188
14.904,ekf,map,-1.92866,-0.126196,1.4235
14.904,kf,map,-1.92864,-0.126192,1.4235
14.904,odom,map,-1.92866,-0.126201,1.42356
14.904,pf,map,-1.9334,-0.129375,1.42698
14.94,odom,map,-1.92804,-0.121893,1.43378
14.94,ekf,map,-1.92804,-0.121887,1.43375
14.94,kf,map,-1.92803,-0.121876,1.43375
14.94,pf,map,-1.92924,-0.141924,1.44037
14.976,odom,map,-1.92748,-0.117653,1.44381
14.976,kf,map,-1.92747,-0.117673,1.44377
14.976,ekf,map,-1.92748,-0.117663,1.44377
14.976,pf,map,-1.91661,-0.118396,1.46015
15.012,ekf,map,-1.92609,-0.116508,1.45343
15.012,kf,map,-1.92608,-0.11652,1.45343
15.012,odom,map,-1.92609,-0.116503,1.45348
15.012,pf,map,-1.90951,-0.11873,1.45394
15.048,odom,map,-1.92273,-0.122083,1.46296
15.048,ekf,map,-1.92272,-0.122081,1.46291
15.048,kf,map,-1.92271,-0.122082,1.46291
15.048,pf,map,-1.90879,-0.143228,1.45201
15.084,kf,map,-1.91957,-0.129327,1.46992
15.084,odom,map,-1.91942,-0.127825,1.47199
15.084,ekf,map,-1.91947,-0.128399,1.46992
15.084,pf,map,-1.921,-0.147795,1.46439
15.12,kf,map,-1.91641,-0.136356,1.4753
15.12,odom,map,-1.91625,-0.13472,1.4787
15.12,ekf,map,-1.91629,-0.13521,1.4753
15.12,pf,map,-1.91988,-0.142749,1.47772
15.156,odom,map,-1.91321,-0.142905,1.48283
15.156,ekf,map,-1.91323,-0.143194,1.4799
15.156,kf,map,-1.91332,-0.144099,1.4799
15.156,pf,map,-1.93038,-0.156517,1.48092
15.192,odom,map,-1.91028,-0.152303,1.48435
15.192,pf,map,-1.92614,-0.167639,1.48166
15.192,ekf,map,-1.91029,-0.152386,1.4826
15.192,kf,map,-1.91033,-0.152865,1.4826
15.228,ekf,map,-1.90948,-0.155003,1.48367
15.228,odom,map,-1.90947,-0.154991,1.48434
15.228,kf,map,-1.90949,-0.155205,1.48367
15.228,pf,map,-1.90698,-0.146352,1.47279
15.264,odom,map,-1.90947,-0.154991,1.48434
15.264,ekf,map,-1.90947,-0.154993,1.48408
15.264,kf,map,-1.90948,-0.155073,1.48408
15.264,pf,map,-1.90821,-0.135946,1.4828
15.3,odom,map,-1.90947,-0.154991,1.48434
15.3,ekf,map,-1.90947,-0.154991,1.48424
15.3,kf,map,-1.90948,-0.155022,1.48424
15.3,pf,map,-1.92595,-0.141058,1.48308
15.336,odom,map,-1.90947,-0.154991,1.48434
15.336,ekf,map,-1.90947,-0.154991,1.4843
15.336,kf,map,-1.90948,-0.155003,1.4843
15.336,pf,map,-1.92635,-0.140467,1.48544
15.372,odom,map,-1.90947,-0.154991,1.48434
15.372,ekf,map,-1.90947,-0.154991,1.48433
15.372,kf,map,-1.90947,-0.154996,1.48433
15.372,pf,map,-1.92646,-0.146322,1.48088
15.408,ekf,map,-1.90947,-0.154991,1.48434
15.408,kf,map,-1.90947,-0.154993,1.48434
15.408,odom,map,-1.90947,-0.154991,1.48434
15.408,pf,map,-1.9121,-0.154146,1.49114
15.444,kf,map,-1.90947,-0.154992,1.48434
15.444,odom,map,-1.90947,-0.154991,1.48434
15.444,ekf,map,-1.90947,-0.154991,1.48434
15.444,pf,map,-1.90612,-0.154442,1.48944
15.48,kf,map,-1.90947,-0.154991,1.48434
15.48,odom,map,-1.90947,-0.154991,1.48434
15.48,ekf,map,-1.90947,-0.154991,1.48434
15.48,pf,map,-1.89705,-0.167052,1.48894
15.516,ekf,map,-1.90947,-0.154991,1.48434
15.516,kf,map,-1.90947,-0.154991,1.48434
15.516,odom,map,-1.90947,-0.154991,1.48434
15.516,pf,map,-1.89935,-0.162555,1.48587
15.552,odom,map,-1.90947,-0.154991,1.48434
15.552,kf,map,-1.90947,-0.154991,1.48434
15.552,ekf,map,-1.90947,-0.154991,1.48434
15.552,pf,map,-1.90017,-0.166675,1.48692
15.588,ekf,map,-1.90947,-0.154991,1.48434
15.588,kf,map,-1.90947,-0.154991,1.48434
15.588,odom,map,-1.90947,-0.154991,1.48434
15.588,pf,map,-1.89892,-0.165252,1.48172
15.624,ekf,map,-1.90997,-0.1585,1.48447
15.624,kf,map,-1.90997,-0.1585,1.48447
15.624,odom,map,-1.90997,-0.1585,1.48447
15.624,pf,map,-1.8987,-0.148409,1.4859
15.66,ekf,map,-1.91075,-0.163992,1.48467
15.66,kf,map,-1.91075,-0.163992,1.48467
15.66,odom,map,-1.91075,-0.163992,1.48467
15.66,pf,map,-1.90742,-0.15991,1.48214
15.696,ekf,map,-1.91153,-0.169484,1.48487
15.696,kf,map,-1.91153,-0.169484,1.48487
15.696,odom,map,-1.91153,-0.169484,1.48487
15.696,pf,map,-1.9114,-0.164219,1.48623
15.732,ekf,map,-1.91231,-0.174976,1.48507
15.732,kf,map,-1.91231,-0.174976,1.48507
15.732,odom,map,-1.91231,-0.174976,1.48507
15.732,pf,map,-1.91708,-0.170821,1.48227
15.768,kf,map,-1.91308,-0.180468,1.48527
15.768,odom,map,-1.91308,-0.180468,1.48527
15.768,pf,map,-1.91609,-0.173977,1.48431
15.768,ekf,map,-1.91308,-0.180468,1.48527
15.804,kf,map,-1.91382,-0.185655,1.48546
15.804,odom,map,-1.91382,-0.185655,1.48546
15.804,ekf,map,-1.91382,-0.185655,1.48546
15.804,pf,map,-1.91793,-0.168997,1.48632
15.84,ekf,map,-1.91382,-0.185655,1.48546
15.84,kf,map,-1.91382,-0.185655,1.48546
15.84,odom,map,-1.91382,-0.185655,1.48546
15.84,pf,map,-1.9067,-0.159698,1.48297
15.876,odom,map,-1.91382,-0.185655,1.48546
15.876,kf,map,-1.91382,-0.185655,1.48546
15.876,ekf,map,-1.91382,-0.185655,1.48546
15.876,pf,map,-1.9118,-0.172148,1.48308
15.912,ekf,map,-1.91382,-0.185655,1.48546
15.912,kf,map,-1.91382,-0.185655,1.48546
15.912,odom,map,-1.91382,-0.185655,1.48546
15.912,pf,map,-1.91449,-0.183634,1.4782
15.948,ekf,map,-1.91382,-0.185655,1.48546
15.948,kf,map,-1.91382,-0.185655,1.48546
15.948,odom,map,-1.91382,-0.185655,1.48546
15.948,pf,map,-1.91731,-0.198941,1.47866
15.984,ekf,map,-1.91382,-0.185655,1.48546
15.984,kf,map,-1.91382,-0.185655,1.48546
15.984,odom,map,-1.91382,-0.185655,1.48546
15.984,pf,map,-1.91439,-0.191287,1.47366
16.02,ekf,map,-1.91382,-0.185655,1.48546
16.02,kf,map,-1.91382,-0.185655,1.48546
16.02,odom,map,-1.91382,-0.185655,1.48546
16.02,pf,map,-1.91924,-0.191436,1.4774
16.056,odom,map,-1.91382,-0.185655,1.48546
16.056,kf,map,-1.91382,-0.185655,1.48546
16.056,ekf,map,-1.91382,-0.185655,1.48546
16.056,pf,map,-1.9047,-0.188215,1.48501
16.092,odom,map,-1.91382,-0.185655,1.48546
16.092,ekf,map,-1.91382,-0.185655,1.48546
16.092,kf,map,-1.91382,-0.185655,1.48546
16.092,pf,map,-1.90525,-0.187216,1.48064
16.128,odom,map,-1.91382,-0.185655,1.48546
16.128,kf,map,-1.91382,-0.185655,1.48546
16.164,odom,map,-1.91382,-0.185655,1.48546
16.2,odom,map,-1.91382,-0.185655,1.48546
16.236,odom,map,-1.91382,-0.185655,1.48546
16.272,odom,map,-1.91382,-0.185655,1.48546
16.308,odom,map,-1.91382,-0.185655,1.48546
16.344,odom,map,-1.91382,-0.185655,1.48546
16.38,odom,map,-1.91382,-0.185655,1.48546
16.416,odom,map,-1.91382,-0.185655,1.48546
16.452,odom,map,-1.91382,-0.185655,1.48546
16.488,odom,map,-1.91382,-0.185655,1.48546
16.524,odom,map,-1.91382,-0.185655,1.48546
16.56,odom,map,-1.91382,-0.185655,1.48546
16.596,odom,map,-1.91382,-0.185655,1.48546
16.632,odom,map,-1.91382,-0.185655,1.48546
16.668,odom,map,-1.91382,-0.185655,1.48546
16.704,odom,map,-1.91382,-0.185655,1.48546
16.74,odom,map,-1.91382,-0.185655,1.48546
16.776,odom,map,-1.91382,-0.185655,1.48546
16.812,odom,map,-1.91382,-0.185655,1.48546
16.848,odom,map,-1.91382,-0.185655,1.48546
16.884,odom,map,-1.91382,-0.185655,1.48546
16.92,odom,map,-1.91382,-0.185655,1.48546
16.956,odom,map,-1.91382,-0.185655,1.48546
16.992,odom,map,-1.91382,-0.185655,1.48546
17.028,odom,map,-1.91382,-0.185655,1.48546
17.064,odom,map,-1.91382,-0.185655,1.48546
17.1,odom,map,-1.91382,-0.185655,1.48546
17.136,odom,map,-1.91382,-0.185655,1.48546
17.172,odom,map,-1.91382,-0.185655,1.48546
17.208,odom,map,-1.91382,-0.185655,1.48546
17.244,odom,map,-1.91382,-0.185655,1.48546
17.28,odom,map,-1.91382,-0.185655,1.48546
17.316,odom,map,-1.91382,-0.185655,1.48546
17.352,odom,map,-1.91382,-0.185655,1.48546
17.388,odom,map,-1.91382,-0.185655,1.48546
17.424,odom,map,-1.91382,-0.185655,1.48546
17.46,odom,map,-1.91382,-0.185655,1.48546
17.496,odom,map,-1.91382,-0.185655,1.48546
17.532,odom,map,-1.91382,-0.185655,1.48546
17.568,odom,map,-1.91382,-0.185655,1.48546
17.604,odom,map,-1.91382,-0.185655,1.48546
17.64,odom,map,-1.91382,-0.185655,1.48546
17.676,odom,map,-1.91382,-0.185655,1.48546
17.712,odom,map,-1.91382,-0.185655,1.48546
17.748,odom,map,-1.91382,-0.185655,1.48546
17.784,odom,map,-1.91382,-0.185655,1.48546
17.82,odom,map,-1.91382,-0.185655,1.48546
17.856,odom,map,-1.91382,-0.185655,1.48546
17.892,odom,map,-1.91382,-0.185655,1.48546
17.928,odom,map,-1.91382,-0.185655,1.48546
17.964,odom,map,-1.91382,-0.185655,1.48546
18,odom,map,-1.91382,-0.185655,1.48546
18.036,odom,map,-1.91382,-0.185655,1.48546
18.072,odom,map,-1.91382,-0.185655,1.48546
18.108,odom,map,-1.91382,-0.185655,1.48546
18.144,odom,map,-1.91382,-0.185655,1.48546
18.18,odom,map,-1.91382,-0.185655,1.48546
18.216,odom,map,-1.91382,-0.185655,1.48546
18.252,odom,map,-1.91382,-0.185655,1.48546
18.288,odom,map,-1.91382,-0.185655,1.48546
18.324,odom,map,-1.91382,-0.185655,1.48546
18.36,odom,map,-1.91382,-0.185655,1.48546
18.396,odom,map,-1.91382,-0.185655,1.48546
18.432,odom,map,-1.91382,-0.185655,1.48546
18.468,odom,map,-1.91382,-0.185655,1.48546
18.504,odom,map,-1.91382,-0.185655,1.48546
18.54,odom,map,-1.91382,-0.185655,1.48546
18.576,odom,map,-1.91382,-0.185655,1.48546
18.612,odom,map,-1.91382,-0.185655,1.48546
18.648,odom,map,-1.91382,-0.185655,1.48546
18.684,odom,map,-1.91382,-0.185655,1.48546
18.72,odom,map,-1.91382,-0.185655,1.48546
18.756,odom,map,-1.91382,-0.185655,1.48546
18.792,odom,map,-1.91382,-0.185655,1.48546
18.828,odom,map,-1.91382,-0.185655,1.48546
18.864,odom,map,-1.91382,-0.185655,1.48546
18.9,odom,map,-1.91382,-0.185655,1.48546
18.936,odom,map,-1.91382,-0.185655,1.48546
18.972,odom,map,-1.91382,-0.185655,1.48546
19.008,odom,map,-1.91382,-0.185655,1.48546
19.044,odom,map,-1.91382,-0.185655,1.48546
19.08,odom,map,-1.91382,-0.185655,1.48546
19.116,odom,map,-1.91382,-0.185655,1.48546
19.152,odom,map,-1.91382,-0.185655,1.48546
19.188,odom,map,-1.91382,-0.185655,1.48546
19.224,odom,map,-1.91382,-0.185655,1.48546
19.26,odom,map,-1.91382,-0.185655,1.48546
19.296,odom,map,-1.91382,-0.185655,1.48546
19.332,odom,map,-1.91382,-0.185655,1.48546
19.368,odom,map,-1.91382,-0.185655,1.48546
19.404,odom,map,-1.91382,-0.185655,1.48546
19.44,odom,map,-1.91382,-0.185655,1.48546
19.476,odom,map,-1.91382,-0.185655,1.48546
19.512,odom,map,-1.91382,-0.185655,1.48546
19.548,odom,map,-1.91382,-0.185655,1.48546
19.584,odom,map,-1.91382,-0.185655,1.48546
19.62,odom,map,-1.91382,-0.185655,1.48546
19.656,odom,map,-1.91382,-0.185655,1.48546
19.692,odom,map,-1.91382,-0.185655,1.48546
19.728,odom,map,-1.91382,-0.185655,1.48546
19.764,odom,map,-1.91382,-0.185655,1.48546
19.8,odom,map,-1.91382,-0.185655,1.48546
19.836,odom,map,-1.91382,-0.185655,1.48546
19.872,odom,map,-1.91382,-0.185655,1.48546
19.908,odom,map,-1.91382,-0.185655,1.48546
19.944,odom,map,-1.91382,-0.185655,1.48546
19.98,odom,map,-1.91382,-0.185655,1.48546
20.016,odom,map,-1.91382,-0.185655,1.48546
20.052,odom,map,-1.91382,-0.185655,1.48546
20.088,odom,map,-1.91382,-0.185655,1.48546
20.124,odom,map,-1.91382,-0.185655,1.48546
20.16,odom,map,-1.91382,-0.185655,1.48546
20.196,odom,map,-1.91382,-0.185655,1.48546
20.232,odom,map,-1.91382,-0.185655,1.48546
20.268,odom,map,-1.91382,-0.185655,1.48546
20.304,odom,map,-1.91382,-0.185655,1.48546
20.34,odom,map,-1.91382,-0.185655,1.48546
20.376,odom,map,-1.91382,-0.185655,1.48546
20.412,odom,map,-1.91382,-0.185655,1.48546
20.448,odom,map,-1.91382,-0.185655,1.48546
20.484,odom,map,-1.91382,-0.185655,1.48546
20.52,odom,map,-1.91382,-0.185655,1.48546
20.556,odom,map,-1.91382,-0.185655,1.48546
20.592,odom,map,-1.91382,-0.185655,1.48546
20.628,odom,map,-1.91382,-0.185655,1.48546
20.664,odom,map,-1.91382,-0.185655,1.48546
20.7,odom,map,-1.91382,-0.185655,1.48546
20.736,odom,map,-1.91382,-0.185655,1.48546
20.772,odom,map,-1.91382,-0.185655,1.48546
20.808,odom,map,-1.91382,-0.185655,1.48546
20.844,odom,map,-1.91382,-0.185655,1.48546
20.88,odom,map,-1.91382,-0.185655,1.48546
20.916,odom,map,-1.91382,-0.185655,1.48546
20.952,odom,map,-1.91382,-0.185655,1.48546
20.988,odom,map,-1.91382,-0.185655,1.48546
21.024,odom,map,-1.91382,-0.185655,1.48546
21.06,odom,map,-1.91382,-0.185655,1.48546
21.096,odom,map,-1.91382,-0.185655,1.48546
21.132,odom,map,-1.91382,-0.185655,1.48546
21.168,odom,map,-1.91382,-0.185655,1.48546
21.204,odom,map,-1.91382,-0.185655,1.48546
21.24,odom,map,-1.91382,-0.185655,1.48546
21.276,odom,map,-1.91382,-0.185655,1.48546
21.312,odom,map,-1.91382,-0.185655,1.48546
21.348,odom,map,-1.91382,-0.185655,1.48546
21.384,odom,map,-1.91382,-0.185655,1.48546
21.42,odom,map,-1.91382,-0.185655,1.48546
21.456,odom,map,-1.91382,-0.185655,1.48546
21.492,odom,map,-1.91382,-0.185655,1.48546
21.528,odom,map,-1.91382,-0.185655,1.48546
21.564,odom,map,-1.91382,-0.185655,1.48546
21.6,odom,map,-1.91382,-0.185655,1.48546
21.636,odom,map,-1.91382,-0.185655,1.48546
21.672,odom,map,-1.91382,-0.185655,1.48546
21.708,odom,map,-1.91382,-0.185655,1.48546
21.744,odom,map,-1.91382,-0.185655,1.48546
21.78,odom,map,-1.91382,-0.185655,1.48546
21.816,odom,map,-1.91382,-0.185655,1.48546
21.852,odom,map,-1.91382,-0.185655,1.48546
21.888,odom,map,-1.91382,-0.185655,1.48546
21.924,odom,map,-1.91382,-0.185655,1.48546
21.96,odom,map,-1.91382,-0.185655,1.48546
21.996,odom,map,-1.91382,-0.185655,1.48546
22.032,odom,map,-1.91382,-0.185655,1.48546
22.068,odom,map,-1.91382,-0.185655,1.48546
22.104,odom,map,-1.91382,-0.185655,1.48546
22.14,odom,map,-1.91382,-0.185655,1.48546
22.176,odom,map,-1.91382,-0.185655,1.48546
22.212,odom,map,-1.91382,-0.185655,1.48546
22.248,odom,map,-1.91382,-0.185655,1.48546
22.284,odom,map,-1.91382,-0.185655,1.48546
22.32,odom,map,-1.91382,-0.185655,1.48546
22.356,odom,map,-1.91382,-0.185655,1.48546
22.392,odom,map,-1.91382,-0.185655,1.48546
22.428,odom,map,-1.91382,-0.185655,1.48546
22.464,odom,map,-1.91382,-0.185655,1.48546
22.5,odom,map,-1.91382,-0.185655,1.48546
22.536,odom,map,-1.91382,-0.185655,1.48546
22.572,odom,map,-1.91382,-0.185655,1.48546
22.608,odom,map,-1.91382,-0.185655,1.48546
22.644,odom,map,-1.91382,-0.185655,1.48546
22.68,odom,map,-1.91382,-0.185655,1.48546
22.716,odom,map,-1.91382,-0.185655,1.48546
22.752,odom,map,-1.91382,-0.185655,1.48546
22.788,odom,map,-1.91382,-0.185655,1.48546
22.824,odom,map,-1.91382,-0.185655,1.48546
22.86,odom,map,-1.91382,-0.185655,1.48546
22.896,odom,map,-1.91382,-0.185655,1.48546
22.932,odom,map,-1.91382,-0.185655,1.48546
22.968,odom,map,-1.91382,-0.185655,1.48546
23.004,odom,map,-1.91382,-0.185655,1.48546
23.04,odom,map,-1.91382,-0.185655,1.48546
23.076,odom,map,-1.91382,-0.185655,1.48546
23.112,odom,map,-1.91382,-0.185655,1.48546
23.148,odom,map,-1.91382,-0.185655,1.48546
23.184,odom,map,-1.91382,-0.185655,1.48546
23.22,odom,map,-1.91382,-0.185655,1.48546
23.256,odom,map,-1.91382,-0.185655,1.48546
23.292,odom,map,-1.91382,-0.185655,1.48546
23.328,odom,map,-1.91382,-0.185655,1.48546
23.364,odom,map,-1.91382,-0.185655,1.48546
23.4,odom,map,-1.91382,-0.185655,1.48546
23.436,odom,map,-1.91382,-0.185655,1.48546
23.472,odom,map,-1.91382,-0.185655,1.48546
23.508,odom,map,-1.91382,-0.185655,1.48546
23.544,odom,map,-1.91382,-0.185655,1.48546
23.58,odom,map,-1.91382,-0.185655,1.48546
23.616,odom,map,-1.91382,-0.185655,1.48546
23.652,odom,map,-1.91382,-0.185655,1.48546
23.688,odom,map,-1.91382,-0.185655,1.48546
23.724,odom,map,-1.91382,-0.185655,1.48546
23.76,odom,map,-1.91382,-0.185655,1.48546
23.796,odom,map,-1.91382,-0.185655,1.48546
23.832,odom,map,-1.91382,-0.185655,1.48546
23.868,odom,map,-1.91382,-0.185655,1.48546
23.904,odom,map,-1.91382,-0.185655,1.48546
23.94,odom,map,-1.91382,-0.185655,1.48546
23.976,odom,map,-1.91382,-0.185655,1.48546
24.012,odom,map,-1.91382,-0.185655,1.48546
24.048,odom,map,-1.91382,-0.185655,1.48546
24.084,odom,map,-1.91382,-0.185655,1.48546
24.12,odom,map,-1.91382,-0.185655,1.48546
24.156,odom,map,-1.91382,-0.185655,1.48546
24.192,odom,map,-1.91382,-0.185655,1.48546
24.228,odom,map,-1.91382,-0.185655,1.48546
24.264,odom,map,-1.91382,-0.185655,1.48546
24.3,odom,map,-1.91382,-0.185655,1.48546
24.336,odom,map,-1.91382,-0.185655,1.48546
24.372,odom,map,-1.91382,-0.185655,1.48546
24.408,odom,map,-1.91382,-0.185655,1.48546
24.444,odom,map,-1.91382,-0.185655,1.48546
24.48,odom,map,-1.91382,-0.185655,1.48546
24.516,odom,map,-1.91382,-0.185655,1.48546
24.552,odom,map,-1.91382,-0.185655,1.48546
24.588,odom,map,-1.91382,-0.185655,1.48546
24.624,odom,map,-1.91382,-0.185655,1.48546
24.66,odom,map,-1.91382,-0.185655,1.48546
24.696,odom,map,-1.91382,-0.185655,1.48546
24.732,odom,map,-1.91382,-0.185655,1.48546
24.768,odom,map,-1.91382,-0.185655,1.48546
24.804,odom,map,-1.91382,-0.185655,1.48546
24.84,odom,map,-1.91382,-0.185655,1.48546
24.876,odom,map,-1.91382,-0.185655,1.48546
24.912,odom,map,-1.91382,-0.185655,1.48546
24.948,odom,map,-1.91382,-0.185655,1.48546
24.984,odom,map,-1.91382,-0.185655,1.48546
25.02,odom,map,-1.91382,-0.185655,1.48546
25.056,odom,map,-1.91382,-0.185655,1.48546
25.092,odom,map,-1.91382,-0.185655,1.48546
25.128,odom,map,-1.91382,-0.185655,1.48546
25.164,odom,map,-1.91382,-0.185655,1.48546
25.2,odom,map,-1.91382,-0.185655,1.48546
25.236,odom,map,-1.91382,-0.185655,1.48546
25.272,odom,map,-1.91382,-0.185655,1.48546
25.308,odom,map,-1.91382,-0.185655,1.48546
25.344,odom,map,-1.91382,-0.185655,1.48546
25.38,odom,map,-1.91382,-0.185655,1.48546
25.416,odom,map,-1.91382,-0.185655,1.48546
25.452,odom,map,-1.91382,-0.185655,1.48546
25.488,odom,map,-1.91382,-0.185655,1.48546
25.524,odom,map,-1.91382,-0.185655,1.48546
25.56,odom,map,-1.91382,-0.185655,1.48546
25.596,odom,map,-1.91382,-0.185655,1.48546
25.632,odom,map,-1.91382,-0.185655,1.48546
25.668,odom,map,-1.91382,-0.185655,1.48546
25.704,odom,map,-1.91382,-0.185655,1.48546
25.74,odom,map,-1.91382,-0.185655,1.48546
25.776,odom,map,-1.91382,-0.185655,1.48546
25.812,odom,map,-1.91382,-0.185655,1.48546
25.848,odom,map,-1.91382,-0.185655,1.48546
25.884,odom,map,-1.91382,-0.185655,1.48546
25.92,odom,map,-1.91382,-0.185655,1.48546
25.956,odom,map,-1.91382,-0.185655,1.48546
25.992,odom,map,-1.91382,-0.185655,1.48546
26.028,odom,map,-1.91382,-0.185655,1.48546
26.064,odom,map,-1.91382,-0.185655,1.48546
26.1,odom,map,-1.91382,-0.185655,1.48546
26.136,odom,map,-1.91382,-0.185655,1.48546
26.172,odom,map,-1.91382,-0.185655,1.48546
26.208,odom,map,-1.91382,-0.185655,1.48546
26.244,odom,map,-1.91382,-0.185655,1.48546
26.28,odom,map,-1.91382,-0.185655,1.48546
26.316,odom,map,-1.91382,-0.185655,1.48546
26.352,odom,map,-1.91382,-0.185655,1.48546
26.388,odom,map,-1.91382,-0.185655,1.48546
26.424,odom,map,-1.91382,-0.185655,1.48546
26.46,odom,map,-1.91382,-0.185655,1.48546
26.496,odom,map,-1.91382,-0.185655,1.48546
26.532,odom,map,-1.91382,-0.185655,1.48546
26.568,odom,map,-1.91382,-0.185655,1.48546
26.604,odom,map,-1.91382,-0.185655,1.48546
26.64,odom,map,-1.91382,-0.185655,1.48546
26.676,odom,map,-1.91382,-0.185655,1.48546
26.712,odom,map,-1.91382,-0.185655,1.48546
26.748,odom,map,-1.91382,-0.185655,1.48546
26.784,odom,map,-1.91382,-0.185655,1.48546
26.82,odom,map,-1.91382,-0.185655,1.48546
26.856,odom,map,-1.91382,-0.185655,1.48546
26.892,odom,map,-1.91382,-0.185655,1.48546
26.928,odom,map,-1.91382,-0.185655,1.48546
26.964,odom,map,-1.91382,-0.185655,1.48546
27,odom,map,-1.91382,-0.185655,1.48546
27.036,odom,map,-1.91382,-0.185655,1.48546
27.072,odom,map,-1.91382,-0.185655,1.48546
27.108,odom,map,-1.91382,-0.185655,1.48546
27.144,odom,map,-1.91382,-0.185655,1.48546
27.18,odom,map,-1.91382,-0.185655,1.48546
27.216,odom,map,-1.91382,-0.185655,1.48546
27.252,odom,map,-1.91382,-0.185655,1.48546
27.288,odom,map,-1.91382,-0.185655,1.48546
27.324,odom,map,-1.91382,-0.185655,1.48546
27.36,odom,map,-1.91382,-0.185655,1.48546
27.396,odom,map,-1.91382,-0.185655,1.48546
27.432,odom,map,-1.91382,-0.185655,1.48546
27.468,odom,map,-1.91382,-0.185655,1.48546
27.504,odom,map,-1.91382,-0.185655,1.48546
27.54,odom,map,-1.91382,-0.185655,1.48546
27.576,odom,map,-1.91382,-0.185655,1.48546
27.612,odom,map,-1.91382,-0.185655,1.48546
27.648,odom,map,-1.91382,-0.185655,1.48546
27.684,odom,map,-1.91382,-0.185655,1.48546
27.72,odom,map,-1.91382,-0.185655,1.48546
27.756,odom,map,-1.91382,-0.185655,1.48546
27.792,odom,map,-1.91382,-0.185655,1.48546
27.828,odom,map,-1.91382,-0.185655,1.48546
27.864,odom,map,-1.91382,-0.185655,1.48546
27.9,odom,map,-1.91382,-0.185655,1.48546
27.936,odom,map,-1.91382,-0.185655,1.48546
27.972,odom,map,-1.91382,-0.185655,1.48546
28.008,odom,map,-1.91382,-0.185655,1.48546
28.044,odom,map,-1.91382,-0.185655,1.48546
28.08,odom,map,-1.91382,-0.185655,1.48546
28.116,odom,map,-1.91382,-0.185655,1.48546
28.152,odom,map,-1.91382,-0.185655,1.48546
28.188,odom,map,-1.91382,-0.185655,1.48546
28.224,odom,map,-1.91382,-0.185655,1.48546
28.26,odom,map,-1.91382,-0.185655,1.48546
28.296,odom,map,-1.91382,-0.185655,1.48546
28.332,odom,map,-1.91382,-0.185655,1.48546
28.368,odom,map,-1.91382,-0.185655,1.48546
28.404,odom,map,-1.91382,-0.185655,1.48546
28.44,odom,map,-1.91382,-0.185655,1.48546
28.476,odom,map,-1.91382,-0.185655,1.48546
28.512,odom,map,-1.91382,-0.185655,1.48546
